{"cameraMode":{"drawMode":0,"name":"Shaded","section":"Shading Mode"},"sceneLighting":false,"audioPlay":false,"sceneViewState":{"showFog":true,"showMaterialUpdate":false,"showSkybox":false,"showFlares":true,"showImageEffects":true,"showParticleSystems":true},"in2DMode":false,"pivot":{"x":5.929591655731201,"y":2.057499885559082,"z":2.6361801624298097},"rotation":{"x":-0.006087466608732939,"y":0.9614226222038269,"z":-0.27418243885040285,"w":-0.02134625054895878},"size":2.5906431674957277,"orthographic":false}