{"cameraMode":{"drawMode":0,"name":"Shaded","section":"Shading Mode"},"sceneLighting":true,"audioPlay":false,"sceneViewState":{"showFog":true,"showMaterialUpdate":false,"showSkybox":true,"showFlares":true,"showImageEffects":true,"showParticleSystems":true},"in2DMode":false,"pivot":{"x":-2.9617717266082765,"y":-6.416438579559326,"z":-7.214937210083008},"rotation":{"x":-0.013215752318501473,"y":0.9340780973434448,"z":-0.3551235496997833,"w":-0.03476257994771004},"size":9.196826934814454,"orthographic":false}