{"cameraMode":{"drawMode":0,"name":"Shaded","section":"Shading Mode"},"sceneLighting":false,"audioPlay":false,"sceneViewState":{"showFog":true,"showMaterialUpdate":false,"showSkybox":false,"showFlares":true,"showImageEffects":true,"showParticleSystems":true},"in2DMode":false,"pivot":{"x":-1.1138055324554444,"y":9.571043968200684,"z":20.261314392089845},"rotation":{"x":-0.024905476719141008,"y":0.9422217011451721,"z":-0.32622256875038149,"w":-0.07193540036678314},"size":3.1139187812805177,"orthographic":false}