{"cameraMode":{"drawMode":0,"name":"Shaded","section":"Shading Mode"},"sceneLighting":false,"audioPlay":false,"sceneViewState":{"showFog":true,"showMaterialUpdate":false,"showSkybox":false,"showFlares":true,"showImageEffects":true,"showParticleSystems":true},"in2DMode":false,"pivot":{"x":-2.9802322387695315e-8,"y":0.38999998569488528,"z":1.0},"rotation":{"x":-0.013215752318501473,"y":0.9340780973434448,"z":-0.3551235496997833,"w":-0.03476257994771004},"size":0.4874650835990906,"orthographic":false}