{"cameraMode":{"drawMode":0,"name":"Shaded","section":"Shading Mode"},"sceneLighting":true,"audioPlay":false,"sceneViewState":{"showFog":true,"showMaterialUpdate":true,"showSkybox":true,"showFlares":true,"showImageEffects":true,"showParticleSystems":true},"in2DMode":false,"pivot":{"x":-0.45989447832107546,"y":3.837200403213501,"z":-6.747021198272705},"rotation":{"x":0.41594353318214419,"y":0.009000029414892197,"z":-0.00411890959367156,"w":0.9093407988548279},"size":2.650001287460327,"orthographic":false}