{"cameraMode":{"drawMode":0,"name":"Shaded","section":"Shading Mode"},"sceneLighting":false,"audioPlay":false,"sceneViewState":{"showFog":true,"showMaterialUpdate":false,"showSkybox":false,"showFlares":true,"showImageEffects":true,"showParticleSystems":true},"in2DMode":false,"pivot":{"x":-4.613805294036865,"y":0.371521532535553,"z":-11.238687515258789},"rotation":{"x":-0.024905476719141008,"y":0.9422217011451721,"z":-0.32622256875038149,"w":-0.07193540036678314},"size":1.4016993045806885,"orthographic":false}