{"cameraMode":{"drawMode":0,"name":"Shaded","section":"Shading Mode"},"sceneLighting":false,"audioPlay":false,"sceneViewState":{"showFog":true,"showMaterialUpdate":false,"showSkybox":false,"showFlares":true,"showImageEffects":true,"showParticleSystems":true},"in2DMode":false,"pivot":{"x":4.264999866485596,"y":1.261364221572876,"z":-1.2467586994171143},"rotation":{"x":0.01495259441435337,"y":0.9177403450012207,"z":-0.39540228247642519,"w":0.034708037972450259},"size":3.5917062759399416,"orthographic":false}