{"cameraMode":{"drawMode":0,"name":"Shaded","section":"Shading Mode"},"sceneLighting":false,"audioPlay":false,"sceneViewState":{"showFog":true,"showMaterialUpdate":false,"showSkybox":false,"showFlares":true,"showImageEffects":true,"showParticleSystems":true},"in2DMode":false,"pivot":{"x":1.7350149154663087,"y":5.327613830566406,"z":2.264995574951172},"rotation":{"x":0.01495259441435337,"y":0.9177403450012207,"z":-0.39540228247642519,"w":0.034708037972450259},"size":9.315709114074707,"orthographic":false}