{"cameraMode":{"drawMode":0,"name":"Shaded","section":"Shading Mode"},"sceneLighting":false,"audioPlay":false,"sceneViewState":{"showFog":true,"showMaterialUpdate":false,"showSkybox":false,"showFlares":true,"showImageEffects":true,"showParticleSystems":true},"in2DMode":false,"pivot":{"x":5.691330432891846,"y":0.7691605091094971,"z":3.1348118782043459},"rotation":{"x":-0.06739480793476105,"y":0.8969382047653198,"z":-0.14687372744083405,"w":-0.41157016158103945},"size":1.424026608467102,"orthographic":false}