{"cameraMode":{"drawMode":0,"name":"Shaded","section":"Shading Mode"},"sceneLighting":false,"audioPlay":false,"sceneViewState":{"showFog":true,"showMaterialUpdate":false,"showSkybox":false,"showFlares":true,"showImageEffects":true,"showParticleSystems":true},"in2DMode":false,"pivot":{"x":21.423797607421876,"y":4.0180487632751469,"z":-4.965421676635742},"rotation":{"x":-0.07076655328273773,"y":0.9061272144317627,"z":-0.16798768937587739,"w":-0.38171523809432986},"size":3.657085418701172,"orthographic":false}