{"cameraMode":{"drawMode":0,"name":"Shaded","section":"Shading Mode"},"sceneLighting":false,"audioPlay":false,"sceneViewState":{"showFog":true,"showMaterialUpdate":false,"showSkybox":false,"showFlares":true,"showImageEffects":true,"showParticleSystems":true},"in2DMode":false,"pivot":{"x":2.9802322387695315e-8,"y":0.2966518700122833,"z":-0.03625708818435669},"rotation":{"x":0.21425595879554749,"y":0.33067986369132998,"z":-0.07736112177371979,"w":0.9158509969711304},"size":0.48590531945228579,"orthographic":false}