{"cameraMode":{"drawMode":0,"name":"Shaded","section":"Shading Mode"},"sceneLighting":false,"audioPlay":false,"sceneViewState":{"showFog":true,"showMaterialUpdate":false,"showSkybox":false,"showFlares":true,"showImageEffects":true,"showParticleSystems":true},"in2DMode":false,"pivot":{"x":-1.1920928955078126e-7,"y":0.956985592842102,"z":-5.824150085449219},"rotation":{"x":0.004124412313103676,"y":0.9241754412651062,"z":-0.381842702627182,"w":0.009981561452150345},"size":5.200337886810303,"orthographic":false}