{"cameraMode":{"drawMode":0,"name":"Shaded","section":"Shading Mode"},"sceneLighting":false,"audioPlay":false,"sceneViewState":{"showFog":true,"showMaterialUpdate":false,"showSkybox":false,"showFlares":true,"showImageEffects":true,"showParticleSystems":true},"in2DMode":false,"pivot":{"x":16.59669303894043,"y":4.347592830657959,"z":0.610323429107666},"rotation":{"x":-0.06739480793476105,"y":0.8969382047653198,"z":-0.14687372744083405,"w":-0.41157016158103945},"size":2.0689799785614015,"orthographic":false}