{"cameraMode":{"drawMode":0,"name":"Shaded","section":"Shading Mode"},"sceneLighting":false,"audioPlay":false,"sceneViewState":{"showFog":true,"showMaterialUpdate":false,"showSkybox":false,"showFlares":true,"showImageEffects":true,"showParticleSystems":true},"in2DMode":false,"pivot":{"x":4.8529815673828129,"y":3.999999523162842,"z":-6.6652703285217289},"rotation":{"x":-0.0030958906281739475,"y":0.9814371466636658,"z":-0.19110144674777986,"w":-0.015899349004030229},"size":4.054471015930176,"orthographic":false}