{"cameraMode":{"drawMode":0,"name":"Shaded","section":"Shading Mode"},"sceneLighting":false,"audioPlay":false,"sceneViewState":{"showFog":true,"showMaterialUpdate":false,"showSkybox":false,"showFlares":true,"showImageEffects":true,"showParticleSystems":true},"in2DMode":false,"pivot":{"x":-1.1454076766967774,"y":2.049999952316284,"z":-4.2138214111328129},"rotation":{"x":-0.2062029242515564,"y":0.676199734210968,"z":-0.20606569945812226,"w":-0.6766054034233093},"size":2.2643983364105226,"orthographic":false}