{"cameraMode":{"drawMode":0,"name":"Shaded","section":"Shading Mode"},"sceneLighting":false,"audioPlay":false,"sceneViewState":{"showFog":true,"showMaterialUpdate":false,"showSkybox":false,"showFlares":true,"showImageEffects":true,"showParticleSystems":true},"in2DMode":false,"pivot":{"x":-2.1454076766967775,"y":2.049999952316284,"z":-9.363821029663086},"rotation":{"x":-0.2062029242515564,"y":0.676199734210968,"z":-0.20606569945812226,"w":-0.6766054034233093},"size":2.864441394805908,"orthographic":false}