{"cameraMode":{"drawMode":0,"name":"Shaded","section":"Shading Mode"},"sceneLighting":false,"audioPlay":false,"sceneViewState":{"showFog":true,"showMaterialUpdate":false,"showSkybox":false,"showFlares":true,"showImageEffects":true,"showParticleSystems":true},"in2DMode":false,"pivot":{"x":1.4901161193847657e-8,"y":0.3417401611804962,"z":0.11479872465133667},"rotation":{"x":0.21425595879554749,"y":0.33067986369132998,"z":-0.07736112177371979,"w":0.9158509969711304},"size":0.7210968732833862,"orthographic":false}