{"cameraMode":{"drawMode":0,"name":"Shaded","section":"Shading Mode"},"sceneLighting":false,"audioPlay":false,"sceneViewState":{"showFog":true,"showMaterialUpdate":false,"showSkybox":false,"showFlares":true,"showImageEffects":true,"showParticleSystems":true},"in2DMode":false,"pivot":{"x":0.0,"y":0.36196526885032656,"z":0.0005089044570922852},"rotation":{"x":0.21425595879554749,"y":0.33067986369132998,"z":-0.07736112177371979,"w":0.9158509969711304},"size":0.5271215438842773,"orthographic":false}