{"cameraMode":{"drawMode":0,"name":"Shaded","section":"Shading Mode"},"sceneLighting":false,"audioPlay":false,"sceneViewState":{"showFog":true,"showMaterialUpdate":false,"showSkybox":false,"showFlares":true,"showImageEffects":true,"showParticleSystems":true},"in2DMode":false,"pivot":{"x":-5.200850486755371,"y":0.9569857120513916,"z":-6.984999656677246},"rotation":{"x":0.004124412313103676,"y":0.9241754412651062,"z":-0.381842702627182,"w":0.009981561452150345},"size":4.740429401397705,"orthographic":false}