{"cameraMode":{"drawMode":0,"name":"Shaded","section":"Shading Mode"},"sceneLighting":false,"audioPlay":false,"sceneViewState":{"showFog":true,"showMaterialUpdate":false,"showSkybox":false,"showFlares":true,"showImageEffects":true,"showParticleSystems":true},"in2DMode":false,"pivot":{"x":-2.6336841583251955,"y":0.39997950196266177,"z":2.1344385147094728},"rotation":{"x":-0.013215752318501473,"y":0.9340780973434448,"z":-0.3551235496997833,"w":-0.03476257994771004},"size":1.2392131090164185,"orthographic":false}