{"cameraMode":{"drawMode":0,"name":"Shaded","section":"Shading Mode"},"sceneLighting":false,"audioPlay":false,"sceneViewState":{"showFog":true,"showMaterialUpdate":false,"showSkybox":false,"showFlares":true,"showImageEffects":true,"showParticleSystems":true},"in2DMode":false,"pivot":{"x":-4.113804817199707,"y":0.9300001859664917,"z":-14.538686752319336},"rotation":{"x":-0.019350865855813028,"y":0.9442572593688965,"z":-0.3237583637237549,"w":-0.05643835663795471},"size":3.4755308628082277,"orthographic":false}