{"cameraMode":{"drawMode":0,"name":"Shaded","section":"Shading Mode"},"sceneLighting":false,"audioPlay":false,"sceneViewState":{"showFog":true,"showMaterialUpdate":false,"showSkybox":false,"showFlares":true,"showImageEffects":true,"showParticleSystems":true},"in2DMode":false,"pivot":{"x":8.890118598937989,"y":2.0149998664855959,"z":4.33926248550415},"rotation":{"x":-0.006087466608732939,"y":0.9614226222038269,"z":-0.27418243885040285,"w":-0.02134625054895878},"size":3.0886287689208986,"orthographic":false}