{"cameraMode":{"drawMode":0,"name":"Shaded","section":"Shading Mode"},"sceneLighting":false,"audioPlay":false,"sceneViewState":{"showFog":true,"showMaterialUpdate":false,"showSkybox":false,"showFlares":true,"showImageEffects":true,"showParticleSystems":true},"in2DMode":false,"pivot":{"x":0.5499999523162842,"y":0.30000001192092898,"z":0.0},"rotation":{"x":-0.013215752318501473,"y":0.9340780973434448,"z":-0.3551235496997833,"w":-0.03476257994771004},"size":0.3842546343803406,"orthographic":false}