{"cameraMode":{"drawMode":0,"name":"Shaded","section":"Shading Mode"},"sceneLighting":false,"audioPlay":false,"sceneViewState":{"showFog":true,"showMaterialUpdate":false,"showSkybox":false,"showFlares":true,"showImageEffects":true,"showParticleSystems":true},"in2DMode":false,"pivot":{"x":-2.4472546577453615,"y":0.4970948100090027,"z":0.18759757280349732},"rotation":{"x":-0.013215752318501473,"y":0.9340780973434448,"z":-0.3551235496997833,"w":-0.03476257994771004},"size":0.6478233933448792,"orthographic":false}