{"cameraMode":{"drawMode":0,"name":"Shaded","section":"Shading Mode"},"sceneLighting":false,"audioPlay":false,"sceneViewState":{"showFog":true,"showMaterialUpdate":false,"showSkybox":false,"showFlares":true,"showImageEffects":true,"showParticleSystems":true},"in2DMode":false,"pivot":{"x":268.44000244140627,"y":3.4408440589904787,"z":371.29998779296877},"rotation":{"x":-0.009788375347852707,"y":0.9610458016395569,"z":-0.27407509088516238,"w":-0.03432297334074974},"size":12.02248477935791,"orthographic":false}