{"cameraMode":{"drawMode":0,"name":"Shaded","section":"Shading Mode"},"sceneLighting":false,"audioPlay":false,"sceneViewState":{"showFog":true,"showMaterialUpdate":false,"showSkybox":false,"showFlares":true,"showImageEffects":true,"showParticleSystems":true},"in2DMode":false,"pivot":{"x":-3.2910354137420656,"y":6.7159600257873539,"z":-13.094903945922852},"rotation":{"x":-0.006087466608732939,"y":0.9614226222038269,"z":-0.27418243885040285,"w":-0.02134625054895878},"size":2.0102250576019289,"orthographic":false}