{"cameraMode":{"drawMode":0,"name":"Shaded","section":"Shading Mode"},"sceneLighting":false,"audioPlay":false,"sceneViewState":{"showFog":true,"showMaterialUpdate":false,"showSkybox":false,"showFlares":true,"showImageEffects":true,"showParticleSystems":true},"in2DMode":false,"pivot":{"x":13.96119499206543,"y":7.999999046325684,"z":5.661314010620117},"rotation":{"x":-0.006087466608732939,"y":0.9614226222038269,"z":-0.27418243885040285,"w":-0.02134625054895878},"size":10.131632804870606,"orthographic":false}