{"cameraMode":{"drawMode":0,"name":"Shaded","section":"Shading Mode"},"sceneLighting":false,"audioPlay":false,"sceneViewState":{"showFog":true,"showMaterialUpdate":false,"showSkybox":false,"showFlares":true,"showImageEffects":true,"showParticleSystems":true},"in2DMode":false,"pivot":{"x":-4.145407676696777,"y":3.999999523162842,"z":-9.363821029663086},"rotation":{"x":-0.0012221504002809525,"y":0.9570056796073914,"z":-0.2900802791118622,"w":-0.004018473904579878},"size":2.2338361740112306,"orthographic":false}