{"cameraMode":{"drawMode":0,"name":"Shaded","section":"Shading Mode"},"sceneLighting":false,"audioPlay":false,"sceneViewState":{"showFog":true,"showMaterialUpdate":false,"showSkybox":false,"showFlares":true,"showImageEffects":true,"showParticleSystems":true},"in2DMode":false,"pivot":{"x":5.688131332397461,"y":0.7691603899002075,"z":0.3062431514263153},"rotation":{"x":-0.06739480793476105,"y":0.8969382047653198,"z":-0.14687372744083405,"w":-0.41157016158103945},"size":1.4237802028656006,"orthographic":false}