{"cameraMode":{"drawMode":0,"name":"Shaded","section":"Shading Mode"},"sceneLighting":false,"audioPlay":false,"sceneViewState":{"showFog":true,"showMaterialUpdate":false,"showSkybox":false,"showFlares":true,"showImageEffects":true,"showParticleSystems":true},"in2DMode":false,"pivot":{"x":16.655620574951173,"y":4.347623825073242,"z":4.6798095703125},"rotation":{"x":-0.07076655328273773,"y":0.9061272144317627,"z":-0.16798768937587739,"w":-0.38171523809432986},"size":2.1237800121307375,"orthographic":false}