{"cameraMode":{"drawMode":0,"name":"Shaded","section":"Shading Mode"},"sceneLighting":false,"audioPlay":false,"sceneViewState":{"showFog":true,"showMaterialUpdate":false,"showSkybox":false,"showFlares":true,"showImageEffects":true,"showParticleSystems":true},"in2DMode":false,"pivot":{"x":0.003677070140838623,"y":0.7879247069358826,"z":0.18635761737823487},"rotation":{"x":0.21425595879554749,"y":0.33067986369132998,"z":-0.07736112177371979,"w":0.9158509969711304},"size":1.4343341588974,"orthographic":false}