{"cameraMode":{"drawMode":0,"name":"Shaded","section":"Shading Mode"},"sceneLighting":false,"audioPlay":false,"sceneViewState":{"showFog":true,"showMaterialUpdate":false,"showSkybox":false,"showFlares":true,"showImageEffects":true,"showParticleSystems":true},"in2DMode":false,"pivot":{"x":5.960464477539063e-8,"y":0.4438214898109436,"z":0.11950254440307617},"rotation":{"x":0.21425595879554749,"y":0.33067986369132998,"z":-0.07736112177371979,"w":0.9158509969711304},"size":0.8201261758804321,"orthographic":false}