{"cameraMode":{"drawMode":0,"name":"Shaded","section":"Shading Mode"},"sceneLighting":false,"audioPlay":false,"sceneViewState":{"showFog":true,"showMaterialUpdate":false,"showSkybox":false,"showFlares":true,"showImageEffects":true,"showParticleSystems":true},"in2DMode":false,"pivot":{"x":1.98779296875,"y":2.0500001907348635,"z":-6.618520259857178},"rotation":{"x":-0.274250328540802,"y":0.0049056787975132469,"z":-0.0013852204428985715,"w":-0.9616605043411255},"size":2.0579118728637697,"orthographic":false}