{"cameraMode":{"drawMode":0,"name":"Shaded","section":"Shading Mode"},"sceneLighting":false,"audioPlay":false,"sceneViewState":{"showFog":true,"showMaterialUpdate":false,"showSkybox":false,"showFlares":true,"showImageEffects":true,"showParticleSystems":true},"in2DMode":false,"pivot":{"x":-2.9802322387695315e-8,"y":0.38999998569488528,"z":1.0},"rotation":{"x":0.01495259441435337,"y":0.9177403450012207,"z":-0.39540228247642519,"w":0.034708037972450259},"size":0.4874650835990906,"orthographic":false}